,lasso,elasticnet
0,0.7710772514750615,0.7919814813216594
1,-33.00238591758207,-33.08817727903728
2,2.9091799158689375,2.9706422648619917
3,-10.821401807595437,-10.75314369727395
4,-3.9735088202823428,-4.09472299941988
5,-7.269037159398063,-7.406108111895034
6,-10.616454360601367,-10.628860457359373
7,-12.063850735501928,-11.954919031909021
8,-10.982846163545934,-11.168435350112286
9,-22.86014697271114,-22.779914384448325
10,-33.00238591758207,-33.08817727903728
11,-24.816251370501035,-24.956260269353358
12,4.013227931077621,3.917308485316965
13,3.431911540743413,3.4711056410393417
14,-13.73089340269472,-13.716745356745545
15,-18.06832960489089,-18.100153491891735
16,-12.110954202438078,-12.140741592071393
17,-16.134890524669988,-16.29245478562646
18,-25.279613749494676,-25.265129886074703
19,-5.678530577370075,-5.604274586550938
20,1.1964667112402982,1.2389604637798308
21,-18.711561449105435,-18.747231266885915
22,-15.264855590336392,-15.1178505482254
23,0.9156031034565906,0.884961637748009
24,1.0072054957795682,0.9230013550624596
25,-13.615935343448339,-13.67989588538471
26,-11.826809281576347,-11.854060789090637
27,-1.8313108889834149,-1.8679738144902451
28,-2.8237916844101094,-2.698411464358222
29,3.583461445690722,3.5105295228345645
30,-10.263785788040739,-10.234253819865367
31,7.500438659026446,7.676000087873324
32,-9.942107554759797,-9.751202668454036
33,13.48563020790502,13.42210927272855
34,-6.583941912854921,-6.621935792894247
35,-6.583941912854921,-6.621935792894247
36,-12.576681647085229,-12.693055679396346
37,-17.943078121286682,-17.89695330014371
38,-19.887362977128934,-19.609636750464954
39,-17.943078121286682,-17.89695330014371
40,-23.16080001265296,-23.069428225691308
41,-9.768512857461422,-9.68113160835936
42,-9.768512857461422,-9.68113160835936
43,-23.16080001265296,-23.069428225691308
44,-4.815972527086493,-4.715101013695641
45,-21.252844218030386,-21.23562523581904
46,-26.432289139334983,-26.432346707089124
47,-21.252844218030386,-21.23562523581904
48,-5.4601762756804515,-5.463306721152519
49,-5.4601762756804515,-5.463306721152519
50,-6.449174344264133,-6.606844658062534
51,-12.752279944331327,-12.87755599027884
52,-20.081468668329265,-20.20441021845854
53,-16.0924814349706,-16.142635306717615
54,-20.081468668329265,-20.20441021845854
55,-19.922340126747596,-19.865898514110317
56,-17.632027410051144,-17.71834131802461
57,-19.922340126747596,-19.865898514110317
58,-12.862127776848242,-12.969060012772049
59,-1.782804532912764,-1.7363286479712619
60,-3.319059487571596,-3.383713392427637
61,-9.77806567266213,-9.737559516189725
62,-9.77806567266213,-9.737559516189725
63,-15.264855590336392,-15.1178505482254
64,-22.84480796170518,-22.821441309746913
65,-19.055743500226058,-19.06708031042084
66,-22.84480796170518,-22.821441309746913
67,-20.301475015949833,-20.148828225716535
68,-20.301475015949833,-20.148828225716535
69,-29.48216821422014,-29.67845422263343
70,-11.826809281576347,-11.854060789090637
71,-24.89877110691623,-25.023045064966517
72,-22.030677332524547,-21.833705646854604
73,-24.89877110691623,-25.023045064966517
74,-10.898476918128422,-10.86106142634763
75,-10.898476918128422,-10.86106142634763
76,7.621243734292335,7.69094971771774
77,6.339691900315227,6.288880785700167
78,-1.782804532912764,-1.7363286479712619
79,-6.362205903551446,-6.407061535117022
80,-6.362205903551446,-6.407061535117022
81,-10.263785788040739,-10.234253819865367
82,-19.321913737118987,-19.269363845059047
83,-13.520030254382272,-13.674426597009244
84,-19.321913737118987,-19.269363845059047
85,-14.816647898550348,-14.843294706526628
86,-14.816647898550348,-14.843294706526628
87,-22.468888138513282,-22.348473019484135
88,-22.468888138513282,-22.348473019484135
89,-12.744435904638676,-12.53351284770058
90,-21.87115917073148,-21.95990067456944
91,-5.7862480434461645,-5.701578326159369
92,-5.7862480434461645,-5.701578326159369
93,-6.920053488433126,-7.06009395985267
94,-10.216688060472167,-10.537103695532059
95,-19.10385651093951,-19.06061887334788
96,-19.887362977128934,-19.609636750464954
97,-25.03156564459549,-24.886418230847777
98,-5.806236647239956,-5.974066813898553
99,-6.176492438963111,-6.2120286159261475
100,-24.39292630667448,-24.322019965106854
101,-26.432289139334983,-26.432346707089124
102,-8.646196449999133,-8.689269259200161
103,20.95609816510348,20.7036765269669
104,-25.535357761236483,-25.59416538546451
105,-4.066128620158791,-4.005210569582788
106,1.0901193462989935,1.1272157181652869
107,-12.881868116058913,-12.887057541440667
108,-10.079603435838086,-9.971397580662938
109,-7.421396334072953,-7.393465606505837
110,1.8385052983626045,1.83708713703478
111,-22.284267566224592,-22.33246776992376
112,-20.07161187578365,-20.022239512696512
113,3.6395085654060746,3.6688328638416525
114,-17.798564163711273,-17.837296015290626
115,-6.866304648019322,-6.907686351259766
116,-17.109180958490338,-17.083141891352668
117,-4.593121761496684,-4.590420671632681
118,-6.827927006142855,-6.858964361561136
119,-5.599155136037253,-5.717090373620843
120,-18.462547986981768,-18.531966233797853
121,-15.44753988906948,-15.447413449908993
122,1.4826991008019117,1.4349115825123406
123,-6.172184136812308,-6.217583439884422
124,-0.646188187770327,-0.6583197946521867
125,-0.9660407925374194,-0.8504426895448954
126,-5.7136831186149095,-5.978281982544633
127,0.019859555397638146,-0.08870725705145602
128,-3.0921407510430226,-2.662439062072086
129,-16.43863047126129,-16.140341362850897
130,-1.636313544517618,-1.5349255048445918
131,13.210936840262415,13.188111270888633
132,-1.9185628093273248,-1.9675012354278456
133,-0.4680327699817487,-0.2769912792481774
134,-16.646606950800827,-16.430116850198615
135,-3.2928621932548334,-3.2866527012434408
136,4.3558996453205445,4.280723388155393
137,-3.662482031745474,-3.6229591866808275
138,-6.867105234232971,-6.935944523690817
139,-8.73962418688209,-8.684102667841069
140,-11.398759521097375,-11.146485593104973
141,-8.73962418688209,-8.684102667841069
142,-12.136621721543083,-11.986294014780123
143,-2.0240005142877266,-2.123855460684768
144,-2.0240005142877266,-2.123855460684768
145,-12.136621721543083,-11.986294014780123
146,-13.072057959218965,-13.009539235174696
147,-19.61105537025329,-19.4141306556518
148,-19.61105537025329,-19.4141306556518
149,-13.072057959218965,-13.009539235174696
150,-22.366466248848408,-22.277278521831086
151,2.3478990187114297,2.403999579772191
152,-26.08751160405718,-25.928900474977915
153,-14.09191201683208,-13.976557319184426
154,-20.00739210118475,-19.807181152813396
155,-11.617840651518039,-11.523651333038798
156,-14.09191201683208,-13.976557319184426
157,-6.879118052235688,-6.983614520316327
158,-11.617840651518039,-11.523651333038798
159,-26.08751160405718,-25.928900474977915
160,-9.076909431636922,-8.98272401487002
161,0.005424458390647889,0.13319229436202334
162,-11.531441638330048,-11.498533021887543
163,-11.531441638330048,-11.498533021887543
164,0.005424458390647889,0.13319229436202334
165,-9.076909431636922,-8.98272401487002
166,-25.48260048709121,-25.51254056874021
167,-24.998500961684037,-24.74411203632333
168,-24.998500961684037,-24.74411203632333
169,-25.48260048709121,-25.51254056874021
170,-0.5688418572391271,-0.4906458278648655
171,-10.806546651074536,-10.778586800070553
172,-12.517366708212661,-12.288216032997342
173,-10.806546651074536,-10.778586800070553
174,-2.261940493068927,-2.207303522492565
175,-2.261940493068927,-2.207303522492565
176,-7.4310964190741355,-7.579480146865058
177,-7.4310964190741355,-7.579480146865058
178,-10.616454360601367,-10.628860457359373
179,-9.419738346295052,-9.261212515796348
180,-7.4310964190741355,-7.579480146865058
181,-11.50096133887262,-11.528615813047834
182,-6.922712396284437,-6.97237613944328
183,-11.50096133887262,-11.528615813047834
184,-22.639257704096412,-22.67874792036886
185,-22.639257704096412,-22.67874792036886
186,-4.0375489237841204,-4.065756743644497
187,-23.851584822370437,-23.82138825521097
188,-18.1505698454552,-18.119890591597088
189,-18.1505698454552,-18.119890591597088
190,-12.063850735501928,-11.954919031909021
191,-18.1505698454552,-18.119890591597088
192,-16.203362887912043,-16.20035849478746
193,4.013227931077621,3.917308485316965
194,-16.203362887912043,-16.20035849478746
195,-23.851584822370437,-23.82138825521097
196,-12.688113421605994,-12.667756209584233
197,-1.5008436340262932,-1.4755700111853798
198,-24.62126608425245,-24.636273812981322
199,-24.62126608425245,-24.636273812981322
200,-1.5008436340262932,-1.4755700111853798
201,-12.688113421605994,-12.667756209584233
202,-24.62126608425245,-24.636273812981322
203,-20.96307143413855,-21.079576398918434
204,-20.96307143413855,-21.079576398918434
205,-6.539457526971086,-6.5417541044479695
206,-6.539457526971086,-6.5417541044479695
207,3.431911540743413,3.4711056410393417
208,-10.982846163545934,-11.168435350112286
209,-6.539457526971086,-6.5417541044479695
210,-1.5565804515550652,-1.6026183992204484
211,-1.5565804515550652,-1.6026183992204484
212,-4.1614252988060025,-4.2056223466351295
213,-4.1614252988060025,-4.2056223466351295
214,-8.743809001396924,-8.667090556288924
215,-10.144910856343497,-10.15870718920107
216,-8.650941827872886,-8.797481235035239
217,-10.144910856343497,-10.15870718920107
218,-8.833003284339375,-8.757240294007847
219,-8.833003284339375,-8.757240294007847
220,-11.95094252321416,-11.815486420499381
221,-12.074167504495616,-11.968824995398908
222,-13.847815218280322,-14.204398609792715
223,-11.106980855523984,-11.006683425617574
224,-8.755268161702125,-8.944186104898943
225,-19.911756483028295,-19.802101203451407
226,-20.74520811276367,-20.90929445012237
227,-4.038338951129941,-3.700235678767654
228,-11.870007737372411,-11.80667732555168
229,-11.514294244581844,-11.495804022557548
230,-24.569846873139998,-24.693259730312953
231,-9.29056145316581,-9.299561334176916
232,-9.29056145316581,-9.299561334176916
233,-7.497661279496727,-7.520009677751246
234,-9.21356220962536,-9.193257131897914
235,-7.064988464046819,-6.976493841866404
236,-7.053206397777401,-7.012546984687493
237,-7.053206397777401,-7.012546984687493
238,-12.066060843665674,-12.00699620644077
239,-12.066060843665674,-12.00699620644077
240,-12.066060843665674,-12.00699620644077
241,-10.837013738294118,-10.7674353403933
242,-23.760067765555593,-23.725655882664768
243,-23.760067765555593,-23.725655882664768
244,-23.760067765555593,-23.725655882664768
245,-17.396266267484034,-17.304476135599593
246,-21.37928206901647,-21.422168036015634
247,-17.396266267484034,-17.304476135599593
248,-10.188648107367596,-10.264670580037578
249,-25.86593665762271,-25.984581857451023
250,-21.36531664614507,-21.377171441857605
251,-21.36531664614507,-21.377171441857605
252,-25.86593665762271,-25.984581857451023
253,-7.269037159398063,-7.406108111895034
254,-13.375672442635679,-13.460657621492917
255,-11.170095497649365,-11.184238312019685
256,-18.6717322424983,-18.610024458991866
257,-25.38083946366748,-25.391647589665624
258,-11.961856219582677,-11.977661746638436
259,-24.004955203045743,-24.03674218770232
260,-22.906948741682122,-22.94024665354529
261,-10.079480644965521,-9.962639581873956
262,-25.029114624362567,-25.124606161839726
263,-32.88783850850488,-33.04964247109847
264,-16.33308920996158,-16.17477256757397
265,-22.161865665377757,-22.196788634630572
266,-13.754031611042887,-13.783844210320446
267,-19.326295340356218,-19.41322677168889
268,-24.521134457306275,-24.506213269907708
269,4.774700756107187,5.031334137653137
270,9.912981668824607,10.261687388424669
271,16.995246412421086,16.83357646745616
272,-3.1441874846347337,-2.809160985581849
273,5.650089326287729,5.3918028404438925
274,-15.658670134406881,-15.42986266072739
275,15.244409921659036,15.007086871358922
276,13.516740405695979,13.351454320972275
277,-3.986701191017674,-4.0543625876825615
278,-7.4310964190741355,-7.579480146865058
279,-16.73830066665625,-16.70438742090385
280,-16.997852881871072,-17.02375648418261
281,-6.922712396284437,-6.97237613944328
282,-23.192351574456218,-23.17146820534206
283,-18.1505698454552,-18.119890591597088
284,-11.031001060741964,-10.971274729843294
285,-18.1505698454552,-18.119890591597088
286,-9.209910750954199,-9.294840508588662
287,-19.492978268209665,-19.410306739384353
288,-17.816401237648787,-17.8937232831812
289,-1.5008436340262932,-1.4755700111853798
290,-17.816401237648787,-17.8937232831812
291,-1.5565804515550652,-1.6026183992204484
292,-3.2921916976330845,-3.249438222553405
293,-3.2921916976330845,-3.249438222553405
294,-5.7136831186149095,-5.978281982544633
295,-9.36146655105975,-9.316955426111155
296,-8.444087948050841,-8.24063082112495
297,-9.36146655105975,-9.316955426111155
298,-11.170095497649365,-11.184238312019685
299,-6.98772537569129,-7.0491364506845375
300,-6.98772537569129,-7.0491364506845375
301,-15.240783244487103,-15.33078164931273
302,-15.283140872873469,-15.182480948431055
303,-15.731042633266343,-15.53981789499078
304,-15.283140872873469,-15.182480948431055
305,3.1787161654160463,2.8164261047218258
306,-19.84734674508293,-19.784249459345872
307,-10.326410147823212,-10.17343622906433
308,-16.512277894200484,-16.53942227679809
309,-7.52762017512093,-7.333557131341563
310,-10.326410147823212,-10.17343622906433
311,-19.84734674508293,-19.784249459345872
312,-16.512277894200484,-16.53942227679809
313,-25.950244630909822,-25.83878469037254
314,-19.877842180493126,-19.89651661100595
315,-25.950244630909822,-25.83878469037254
316,-3.02293645926723,-3.0131785776616504
317,-3.02293645926723,-3.0131785776616504
318,-14.041549996449081,-14.014266939320615
319,-16.087627429373647,-15.831406543199376
320,-14.041549996449081,-14.014266939320615
321,2.9987029637384777,3.0963046502703007
322,-5.312166098286566,-5.143232069553498
323,-8.771399024178628,-8.697325707975049
324,5.908702113588016,5.966207658618721
325,5.482063904203655,5.459321155490621
326,-3.5922692516974215,-3.6052662734129184
327,-3.5922692516974215,-3.6052662734129184
328,-5.366149275787806,-5.382553562217786
329,-9.840860946747865,-9.89852252750459
330,-8.749468956549894,-8.760617438255538
331,-9.840860946747865,-9.89852252750459
332,-11.170095497649365,-11.184238312019685
333,-7.30945379736315,-7.284991746119676
334,-7.30945379736315,-7.284991746119676
335,-14.935086025058109,-14.964418940483878
336,-15.740261471235527,-15.852264534282114
337,-16.048641150803512,-16.03158120832217
338,-15.740261471235527,-15.852264534282114
339,-0.7531957607346349,-0.4749619624447787
340,-19.682845193740555,-19.551176672576887
341,-11.186037245597486,-11.264801919869681
342,-15.869973751376085,-15.818897200162843
343,-8.633646793601507,-8.942284996336772
344,-11.186037245597486,-11.264801919869681
345,-19.682845193740555,-19.551176672576887
346,-15.869973751376085,-15.818897200162843
347,-27.190087899707006,-27.147391012462567
348,-27.190087899707006,-27.147391012462567
349,-6.015305262365535,-6.057704756909536
350,-6.015305262365535,-6.057704756909536
351,-13.129463314843688,-12.941254802215932
352,-25.390057894494507,-25.40708929864776
353,-14.445862340872091,-14.558145868446305
354,-16.971589030699374,-16.907619603085017
355,-25.390057894494507,-25.40708929864776
356,-1.1413619503599717,-1.112449748959171
357,-2.3540854647186746,-2.3083015782131464
358,-4.957241378022613,-4.977398563283907
359,-10.177588411839697,-10.122870094906052
360,-14.932891963682357,-15.004600071186005
361,-17.72128271001394,-17.630850879958007
362,-17.72128271001394,-17.630850879958007
363,-20.90844521672755,-20.902361682516414
364,-17.25376100188696,-17.337226922877647
365,-17.25376100188696,-17.337226922877647
366,-14.99873680132228,-14.997116340322844
367,-4.50714490065776,-4.623392042870165
368,-9.235514066834131,-9.406146433500258
369,-9.743078659706796,-9.735851670602566
370,-12.989182465004976,-13.11910534304418
371,-14.106213446472417,-14.14921039841707
372,-6.831227028842877,-6.81835480067337
373,-19.829159000640527,-19.967387707927994
374,-21.161062610983354,-21.12571846702511
375,-20.72622008664091,-20.707076858879354
376,-2.95622220640025,-2.971364312023751
377,-24.757903719323956,-24.782647390473787
378,-15.366351769299111,-15.490786125289992
379,-14.46719159965982,-14.370546589182092
380,-21.731404998272208,-21.564334475189966
381,-19.762954476756118,-19.788024377935205
382,-9.75757345484996,-9.787513926316802
383,-1.8496125505665546,-1.81331082362845
384,-18.68050990142612,-18.634051452322726
385,-23.764821098988058,-23.80294160908532
386,-25.80375999658633,-25.583204397014157
387,-0.2017790836815465,-0.2565554008479676
388,-9.49132845788419,-9.537405793205604
389,-14.014601870074129,-13.850685825571611
390,-1.9929249825002289,-1.9835759790018366
391,-5.34332438213421,-5.310453356846745
392,-11.332739288258754,-11.203702408788304
393,-13.04309022379266,-13.164329173977627
394,-13.206779927410889,-13.086285698683888
395,-16.830432578952635,-16.98373008964625
396,-16.830432578952635,-16.98373008964625
397,-19.540490454253327,-19.435449028201088
398,-24.125982243903326,-24.30562180737484
399,-12.511495315011913,-12.711012680972111
400,-21.79252017074535,-21.799923616347602
401,-20.59041373086866,-20.605295099101216
402,-21.79252017074535,-21.799923616347602
403,-11.567826764483652,-11.257623563451423
404,-14.82230921538441,-14.920278870060736
405,-9.423374900541145,-9.4700517253733
406,-17.984733122772415,-17.896531362664582
407,-9.423374900541145,-9.4700517253733
408,-26.798531639116018,-26.76724251862714
409,-6.1760477096255,-6.1623504731242456
410,-12.114705371853018,-12.123515615102377
411,-2.083678906651647,-2.043872042308027
412,-5.535818433248845,-5.682042363322162
413,-11.190260614565089,-11.380450500471106
414,-11.61968996372052,-11.629649191897046
415,-12.064612577684173,-12.196055185701036
416,-15.336432115142754,-15.203876648574013
417,-15.336432115142754,-15.203876648574013
418,-19.379055396016604,-19.527338046135018
419,-22.605072479624162,-22.736981160855017
420,-11.425851107316193,-11.21956839619355
421,-19.935155784268648,-20.07412380582122
422,-20.4485676852993,-20.23698980782817
423,-19.935155784268648,-20.07412380582122
424,-13.779413836935445,-13.855512707996581
425,-13.953186688690899,-13.890956873545267
426,-10.55585237778563,-10.517301236586654
427,-19.276023241357972,-19.257062613402894
428,-10.55585237778563,-10.517301236586654
429,-23.821932903236092,-24.005323140875024
430,-8.9360555947979,-8.95174653198792
431,-10.685377522223892,-10.739562636165989
432,-3.7259343398100673,-3.7594667831599273
433,-4.997270803456079,-5.0970750995590866
434,-7.173027577308104,-7.371015432851505
435,-13.040905044359825,-13.081498904946185
436,-14.831968366163416,-14.861907038710358
437,-18.819476367539135,-18.87747628074777
438,-22.038115997420483,-22.029586898012827
439,-1.0218158139038063,-0.9927279483544054
440,-27.60320503623417,-27.47019999158158
441,-13.950282826917721,-13.935188466054292
442,-13.78439973623044,-13.839400461066402
443,-25.30361200769062,-25.459143141139943
444,-18.651263347314142,-18.61814598828603
445,-13.605440941304822,-13.624383274310688
446,-1.2626988189544772,-1.2916677076486176
447,-18.626456075543253,-18.568242358009925
448,-26.545291209401377,-26.513559293589463
449,-30.04383068012369,-30.034028356842068
450,-2.8675384815530927,-2.9441371321531964
451,-15.836082367401971,-15.831721373943113
452,-17.79793912293559,-17.77263600624221
453,-5.757352358532116,-5.774291378184621
454,-2.3642271477803196,-2.0986822834583387
455,8.079293534216102,7.8468415692669495
456,-3.986701191017674,-4.0543625876825615
457,-7.4310964190741355,-7.579480146865058
458,-6.922712396284437,-6.97237613944328
459,-11.50096133887262,-11.528615813047834
460,-22.639257704096412,-22.67874792036886
461,-18.1505698454552,-18.119890591597088
462,-4.0375489237841204,-4.065756743644497
463,-16.203362887912043,-16.20035849478746
464,-23.851584822370437,-23.82138825521097
465,-1.5008436340262932,-1.4755700111853798
466,-12.688113421605994,-12.667756209584233
467,-20.96307143413855,-21.079576398918434
468,-6.539457526971086,-6.5417541044479695
469,-1.5565804515550652,-1.6026183992204484
470,-13.73089340269472,-13.716745356745545
471,-11.818534538938387,-11.847815604522575
472,-2.5894014609936007,-2.5973150844545727
473,-24.521134457306275,-24.506213269907708
474,-24.521134457306275,-24.506213269907708
475,-11.818534538938387,-11.847815604522575
476,-24.521134457306275,-24.506213269907708
477,-11.818534538938387,-11.847815604522575
478,-13.381211270578886,-13.41753938679062
479,2.2842521359173187,1.9571601128468399
480,-12.110954202438078,-12.140741592071393
481,-3.041818077693374,-2.9218964788243973
482,-6.7178364050659045,-6.5006165588283285
483,-19.48881303099747,-19.33292690322999
484,-13.644701949839517,-13.646739261013092
485,-8.597083796897179,-8.520369875726358
486,-19.48881303099747,-19.33292690322999
487,-11.751090614729051,-11.495505380408128
488,-7.048303790258858,-6.822455906643368
489,-23.65089538564354,-23.82880961973003
490,-1.1767090882499174,-0.9927027060662407
491,-1.4243417950920234,-1.4629187633717196
492,-11.170095497649365,-11.184238312019685
493,-11.961856219582677,-11.977661746638436
494,-6.238918566034812,-6.1152774301366195
495,-25.38083946366748,-25.391647589665624
496,-19.877842180493126,-19.89651661100595
497,1.7463141766741586,1.6935114767779018
498,1.4296597153873793,1.805560232166412
499,-7.053206397777401,-7.012546984687493
500,-12.066060843665674,-12.00699620644077
501,-19.361685515204652,-19.425900258049953
502,-24.65674092072673,-24.71279888007158
503,-23.760067765555593,-23.725655882664768
504,-23.760067765555593,-23.725655882664768
505,-14.14852812108211,-14.10830583794619
506,-21.37928206901647,-21.422168036015634
507,-27.527356490706232,-27.682653775382253
508,-17.396266267484034,-17.304476135599593
509,-21.36531664614507,-21.377171441857605
510,-10.188648107367596,-10.264670580037578
511,-25.86593665762271,-25.984581857451023
512,-25.86593665762271,-25.984581857451023
513,-23.835029216886053,-23.911965096298875
514,-14.093273553243025,-14.173756323784186
515,-7.4180767480841165,-7.463888873812093
516,-4.957241378022613,-4.977398563283907
517,-10.177588411839697,-10.122870094906052
518,-18.996120982598214,-18.948963248237057
519,-8.070332136121912,-7.928836616706465
520,-15.748639790053836,-15.664767818928276
521,-20.617774284955033,-20.524239674946884
522,-10.206545389511886,-10.073194489239476
523,-20.617774284955033,-20.524239674946884
524,-20.142918756262315,-20.122081676049607
525,-5.146117848016866,-5.108578561257276
526,-1.650151946504981,-1.7251179061069537
527,-14.944314943827822,-15.03920630440954
528,-22.37878467955472,-22.229123062247155
529,-15.025042817244058,-15.00746869853693
530,-6.995428397732266,-7.023567612905568
531,-22.8615771429906,-22.818701866631205
532,-26.432289139334983,-26.432346707089124
533,-2.9531642374369427,-2.9461030750111754
534,-27.527356490706232,-27.682653775382253
535,-14.272210271639766,-14.276855554707396
536,-26.432289139334987,-26.432346707089124
537,-23.074198140276156,-23.044329168882918
538,-30.87726334338263,-30.8651856606312
539,-21.015164147523713,-21.09701280259603
540,-25.991393586817956,-25.973849267419475
541,-26.079572697321364,-26.065548755353404
542,-22.822885262352433,-22.778822600462945
543,-10.203875530866078,-10.210060740156864
544,-26.432289139334983,-26.432346707089124
545,-9.974209276261584,-9.990862734202944
546,-15.80539681145881,-15.77424122912369
547,-7.257302000817661,-7.2481259464140475
548,-20.62536492557893,-20.630560487286328
549,-8.646196449999133,-8.689269259200161
550,-15.966287201548905,-15.981465656374903
551,-20.217183874514255,-20.193178984532892
552,-26.432289139334987,-26.432346707089124
553,-18.68544258587903,-18.63888609433013
554,-8.33058189561822,-8.327103168011314
555,-32.342693990094446,-32.3438940020844
556,-22.13403361247695,-22.125304440385694
557,-26.432289139334987,-26.432346707089128
558,-6.33512117682552,-6.357286954387731
559,-23.662889730745313,-23.565190791467167
560,-19.503301198518763,-19.470420770156142
561,-18.91695693140432,-18.877552466858724
562,-4.125633068098118,-4.129452142985809
563,-25.032313218731872,-24.982751686031904
564,-14.959191462922856,-14.922001364774163
565,-26.432289139334983,-26.432346707089124
566,-19.548430533487707,-19.52613950170015
567,-20.87241328617221,-20.83522881632198
568,-26.432289139334983,-26.432346707089124
569,-18.594784272820824,-18.514204994540414
570,-4.794404328043108,-4.802632084512776
571,-26.432289139334983,-26.432346707089124
572,-13.744026907735986,-13.723317915437006
573,-13.126784259139185,-13.127022366736101
574,-12.75470268851504,-12.770670467624706
575,-25.445679019668948,-25.558393003927307
576,-12.75676745117404,-12.756404089351777
577,-14.122812052270392,-14.084432872259839
578,-6.888473640133256,-6.875806294961553
579,-18.502106930536442,-18.49098503114063
580,-19.595673348032182,-19.569262212277263
581,-27.686828291870654,-27.700006391242113
582,-18.009135790892916,-17.974349901154937
583,-2.1156865012503885,-2.10085374074358
584,-2.868508267065098,-2.8593134971690852
585,-2.9531642374369427,-2.9461030750111754
586,-26.432289139334987,-26.432346707089124
587,-14.598100346515043,-14.57983222463194
588,-11.133357268705172,-11.201916745720165
589,-32.56259129925698,-32.591988427735366
590,-13.18810145844162,-13.176549176086217
591,-25.702000654911348,-25.67551630175873
592,-11.710443848222774,-11.721249618792257
593,-3.3937526473318274,-3.389309475535546
594,-9.680056862383207,-9.744363841673621
595,-20.624362201680828,-20.57951484575563
596,-21.498374844249614,-21.483940592319463
597,-23.09429824147301,-22.99056902947693
598,-8.626366104605466,-8.600043051325764
599,-10.412939605099085,-10.400435772418517
600,-25.44809909523798,-25.416961720511978
601,-6.33512117682552,-6.357286954387731
602,-2.043124240931664,-2.0264626740217886
603,-12.198049800364569,-12.158923883540037
604,-14.618039550304774,-14.62774366200084
605,-12.263796311530513,-12.239768959366081
606,-20.87241328617221,-20.83522881632198
607,-32.642553957134275,-32.682204582517535
608,-19.548430533487707,-19.52613950170015
609,-26.545291209401377,-26.513559293589463
610,-4.024045903651905,-4.0253046495753
611,-30.642855070836802,-30.778764463604524
612,-15.128520436820418,-15.211118673602568
613,-33.00238591758207,-33.08817727903728
614,-17.63911898292777,-17.60373162377061
615,-9.195178958040309,-9.196160509001569
616,-20.87341601007031,-20.88627445785268
617,-32.91074799032031,-33.05734943268624
618,-20.15276185468088,-20.13437528829137
619,-2.424070714531711,-2.4108553616282333
620,-23.760067765555593,-23.725655882664768
621,-26.432289139334983,-26.432346707089124
622,-13.44955825255986,-13.454517933543318
623,-24.912658652307112,-24.86478250820695
624,-17.539242794667057,-17.56080798314464
625,-24.004955203045743,-24.03674218770232
626,-25.848058351796073,-25.826882382824813
627,-32.71985412425718,-32.842838255752696
628,-7.5812644415190755,-7.573920139153094
629,-18.733621276061733,-18.729651403669227
630,-14.093273553243025,-14.173756323784186
631,-20.34523264616653,-20.33273681858229
632,-19.040382127775153,-18.983287974482856
633,-26.432289139334983,-26.432346707089124
634,-16.634657896931188,-16.648991067843287
635,-13.347580327773331,-13.326226903953799
636,-31.030015759276484,-31.052077997573804
637,-26.432289139334983,-26.432346707089124
638,-7.757321344932359,-7.7923529881184574
639,-27.946485078457407,-27.90066422946457
640,-12.633813119495658,-12.610387236750409
641,-19.056395269482405,-19.05714697047644
642,-5.884336314089882,-5.904475744947759
643,-26.432289139334983,-26.432346707089124
644,-9.337887029133805,-9.337418434917439
645,-17.82746588202589,-17.799587700352905
646,-12.82648662021308,-12.846201341160635
647,-19.317852063600647,-19.33511572793354
648,-0.043583737863200044,-0.046201874661059184
649,-7.588306036990554,-7.579124049234663
650,-13.875763691677111,-13.879764543224189
651,-10.898476918128422,-10.86106142634763
652,-23.013981243683585,-23.0008044596832
653,-14.09163117429018,-14.054255338022966
654,-25.458571160103464,-25.42323949998194
655,-13.094693703807456,-13.117291805948277
656,-29.058864805363132,-29.051751543273088
657,-18.732685400423506,-18.68200880490724
658,-22.0667708405585,-22.027923907421048
659,-31.03611021196101,-31.16366659950998
660,-33.00238591758207,-33.08817727903728
661,-17.79793912293559,-17.77263600624221
662,-15.664606285258627,-15.660732474693631
663,-7.088293301875547,-7.057285009167398
664,-26.830173843281393,-26.81686455071927
665,-12.945422816531725,-12.862014039847464
666,-10.45125675140678,-10.456333043988295
667,-11.39597148056926,-11.408306467885852
668,-33.00238591758207,-33.08817727903728
669,-14.337907270892375,-14.329919993296802
670,-1.7129706304782912,-1.6933223447628696
671,-8.395804956441285,-8.390644534934404
672,-12.342325630082073,-12.354957990949815
673,-33.00238591758207,-33.08817727903728
674,-32.69791272028008,-32.74466192044365
675,-8.909676820960248,-8.919819967755895
676,-5.757352358532116,-5.774291378184621
677,-26.432289139334983,-26.432346707089124
678,-25.216584749712688,-25.17829534798339
679,-8.033253715820685,-8.02872675126199
680,-21.865821818826742,-21.79494793505041
681,-19.287909615007692,-19.295813343005037
682,-10.955825125904708,-10.961721604057834
683,-26.432289139334983,-26.432346707089124
684,-7.984752616953213,-7.97621506071787
685,-23.341330077420714,-23.319713444877447
686,-18.494309455939884,-18.579855856362272
687,-23.128709080135167,-23.09408614262574
688,-30.635541727615365,-30.64485814128111
689,-9.800408039090238,-9.800691281647847
690,-12.800756614754723,-12.903140278672446
691,-18.733621276061733,-18.729651403669227
692,-12.433993457753365,-12.428908522544564
693,-8.8227474271703,-8.8182810088394
694,-24.213684979602792,-24.18796525495202
695,-7.258490448098401,-7.24642457234588
696,-26.432289139334983,-26.432346707089124
697,-7.802398531714438,-7.773565528740925
698,-6.578976545625403,-6.606496522672275
699,-15.919034997216238,-15.78409214978942
700,-26.588358270148237,-26.56217538904847
701,-23.623352459600873,-23.61779958661765
702,-32.92602097819727,-33.06248740707807
703,-23.250399087314253,-23.131005459496006
704,-27.657362878053878,-27.649842370713273
705,-24.816251370501035,-24.956260269353358
706,-22.38169154822931,-22.49407684401652
707,-21.130460535597972,-21.255773383518825
708,-22.38169154822931,-22.49407684401652
709,-19.248416051247098,-19.317308863303676
710,-19.303859772181607,-19.39880053797664
711,-19.20754415334296,-19.24306879410172
712,-19.334315408874406,-19.37939636436071
713,-18.675488348557575,-18.764039241311906
714,-14.438293471487766,-14.498402845190244
715,-15.13937736683492,-15.141000730482967
716,-19.263673035665658,-19.340807252607263
717,-15.719908998462609,-15.71779190352373
718,-16.899483663395973,-16.899217842189277
719,-15.734180515448319,-15.788668392481206
720,-12.618663648810998,-12.642848395238937
721,-17.52854533037386,-17.59311509535761
722,-19.263673035665658,-19.340807252607263
723,-18.675488348557575,-18.764039241311906
724,-33.00238591758207,-33.08817727903728
725,-31.25565372723619,-31.317720824384686
726,-31.25565372723619,-31.317720824384686
727,-30.251267824903202,-30.316454979544535
728,-29.29397799563238,-29.31338511738232
729,-29.29017360816319,-29.273727676077744
730,-29.599495779043504,-29.643081527221703
731,-31.25565372723619,-31.317720824384686
732,-30.251267824903202,-30.316454979544535
733,-29.014876821667144,-29.075372867661777
734,-31.091469340676046,-31.079261324668785
735,-30.251267824903202,-30.316454979544535
736,-31.25565372723619,-31.317720824384686
737,-26.95737732070982,-26.929764312150255
738,-26.50417828329424,-26.467982176993637
739,-28.67896016939202,-28.777281661769553
740,-29.198696879474866,-29.215963808584295
741,-29.221962337169938,-29.302243778399685
742,-27.320665579916934,-27.36584487893621
743,-27.646799180786427,-27.647065756438113
744,-29.74678940899328,-29.805752219609065
745,-25.693602982723785,-25.620581201043088
746,-26.64695240759033,-26.622546945252566
747,-26.378539417404824,-26.324752800695684
748,-22.860146972711135,-22.779914384448322
749,-20.88620270697811,-20.840954120572924
750,-20.431824250533232,-20.3784129940021
751,-18.870783137782805,-18.835323455847874
752,-20.651109433928674,-20.61074328738198
753,-19.042359623127926,-19.006056394461893
754,-18.090277054050393,-17.99835425104532
755,-19.24394088905376,-19.20378445841009
756,-19.791380693605618,-19.752519459899407
757,-19.389320594014702,-19.353910997638057
758,-18.953472651787926,-18.914357715046542
759,-18.436990773776515,-18.3657183701995
760,-18.386586295479233,-18.308964783182127
761,-20.431824250533232,-20.3784129940021
762,-15.529404948158627,-15.406088160891596
763,-18.587211617187748,-18.514474148928954
764,-16.78359307971986,-16.74973275291447
765,-15.05915105168651,-14.906108393098659
766,-18.262983296222497,-18.19416781617198
767,-17.978397873173403,-17.905948145041855
768,-19.80844106007692,-19.76671977669265
769,-16.573416891077784,-16.501455468988784
770,-18.306832235941496,-18.234593139370187
771,-17.65926536566726,-17.54447365016844
772,-17.48497849570441,-17.38933925951496
773,-18.35128178085381,-18.23204364245711
774,-3.7742040670974593,-3.777181686680423
775,-2.8398441846003597,-2.8128238213840935
776,-2.5817830367143935,-2.5555861391702273
777,-3.0307635990085795,-3.0260227599475304
778,-13.79543696322296,-13.635346275552964
779,-15.06317732708577,-14.916279450232032
780,-7.729742992607693,-7.795508186005962
781,-9.692272810376153,-9.566191368769973
782,-2.2108434113065223,-2.1157541883195936
783,-0.7224605025429403,-0.7454641737432294
784,-0.04731743799477582,-0.05642505140658768
785,2.4155232796111337,2.4366696730732245
786,-3.5277062153260177,-3.587764126395884
787,-3.26259266234871,-3.1870007021475986
788,-3.496070195987041,-3.4546594217335977
789,-2.7611633890380847,-2.719044970411997
790,-4.018563069773702,-3.9577868425620024
791,-2.6521621939875195,-2.607479634379504
792,-2.95538076596338,-2.910458481682087
793,-3.0880025958302753,-3.077491120320394
794,-3.0549983254530235,-3.032614602758303
795,-3.256986521744738,-3.2693091242221732
796,-3.455851627397669,-3.494921198391056
797,-3.468551638524776,-3.4683132916122523
798,-14.165204295880104,-14.042432406206101
799,-10.968554083432062,-10.803813820638828
800,-14.929833503024295,-14.832411290475862
801,-14.382448699620921,-14.277392346105378
802,-14.402487470262514,-14.287228030068915
803,-13.506531225092562,-13.402801559832364
804,-14.116060266135186,-13.932080196856443
805,-13.129248926521859,-12.977592103701603
806,-9.316030265622537,-9.328733169894793
807,-7.412831821402445,-7.46005447335483
808,-7.565889608856344,-7.650227280931337
809,-5.743982075368163,-5.8289753606857
810,-10.329832267873973,-10.228521015731674
811,-11.51066828612754,-11.396427913168665
812,-8.551775502872236,-8.42669344325663
813,-9.266836056099743,-9.10365008258441
814,-0.5122374565903378,-0.5013780323394011
815,2.5754760373366237,2.5921671065955945
816,3.1113790061573905,3.1114977624803135
817,-2.796032139374284,-2.7619767229689134
818,-2.575936084577061,-2.530885282557827
819,-3.4438954924782386,-3.4468652452827504
820,-2.695660520939274,-2.6630208187981412
821,-1.1822530439430685,-1.1052734487105311
822,-1.3830452069225156,-1.2793796227513283
823,-3.2579286099753073,-3.2595061446905924
824,-3.170059491675048,-3.14521262537444
825,-2.908197807887006,-2.9137934282727946
826,-12.728456197064741,-12.568462273430479
827,-13.294718799523082,-13.133290030012109
828,-12.810847325424255,-12.661552150998562
829,-12.811304527909451,-12.677527475564181
830,-13.931747133533854,-13.706703900876022
831,-15.282054711142335,-15.132556398019709
832,-14.540389473248021,-14.307114047317285
833,-13.809133508103496,-13.70296247483616
834,-9.924743427949926,-10.012660070269877
835,-9.892738254235931,-9.870137233637474
836,-6.306764597533474,-6.31789396285899
837,-9.040256687186613,-9.147727119498171
838,-11.546460429047366,-11.511118390101597
839,-11.164803548544251,-11.034353683594562
840,-7.108466433576858,-7.066301928200166
841,-11.421075462095894,-11.338320924007691
842,0.37763285958801895,0.372626245227769
843,0.2369590090955941,0.20693313955090759
844,-1.326788449668183,-1.3378441444243845
845,-1.5636607323974019,-1.5067288454494425
846,0.08508455280083177,0.06754236708182053
847,-0.36299142478589047,-0.3641353425177177
848,0.9220808039541147,0.972223995165003
849,3.0043576412895576,3.0307286076051945
850,1.8671207816107278,1.87160780458788
851,-1.616151651709448,-1.5566130475471238
852,-1.856750801552562,-1.77938979029295
853,-2.968992109396943,-2.9749749924266014
854,-12.80682991678811,-12.65325138826822
855,-12.725354403610607,-12.581468058466202
856,-13.973278645344589,-13.811175916289043
857,-14.884242222319363,-14.740944122599203
858,-14.234235536608379,-14.140047133189057
859,-13.759545311243146,-13.611957886898164
860,-14.016017011476483,-13.82996927390546
861,-11.43438775023903,-11.27981093552568
862,-9.577195115596279,-9.579688304067016
863,-6.111572897222133,-6.1772908611415716
864,-6.470380201626949,-6.4505278632282
865,-8.199739225317243,-8.288755080997174
866,-10.688915913056855,-10.480432326369478
867,-9.899155692975354,-9.75355647502204
868,-9.741584208294459,-9.64588021273454
869,-11.33557455081686,-11.144355996038026
870,-1.6996755222920026,-1.6345006947271918
871,-0.7546836380984708,-0.6957270024049733
872,-1.3973294737905237,-1.352767971839554
873,0.16232004139329653,0.18478475733818686
874,0.6488869433041456,0.6083383618893209
875,-0.22934589284528137,-0.2551059061277582
876,-0.8680955172920335,-0.8039643924299216
877,0.5558361188639498,0.5423298032878644
878,0.10965025032418671,0.07581619135414741
879,1.8220767309629249,1.8233109676178816
880,0.6550306213826567,0.7578970254158524
881,1.8671207816107278,1.87160780458788
882,-15.06536958789912,-14.870343746981126
883,-17.91454832633901,-17.720154540606966
884,-18.48112656358468,-18.269619596326173
885,-18.261170893198347,-18.123915154466026
886,-16.331133141263436,-16.05941430535584
887,-16.375040212339186,-16.095840245233173
888,-16.580601727865588,-16.293005831844205
889,-16.25402104542921,-16.037279816802215
890,-16.183385149454732,-16.013716941265933
891,-13.938478870729416,-13.57295771256438
892,-13.847113342130843,-13.390613702791816
893,-14.142791276148204,-13.793956634215823
894,-14.058802708517868,-13.72383781977156
895,-25.954298081741772,-25.704180709657603
896,-24.427049192378124,-24.20896684329422
897,-25.09658459758307,-25.049591137372534
898,-25.112995201617316,-24.828657706157955
899,-25.16424616083575,-24.61779652990794
900,-24.789566283072855,-24.73906697252098
901,-25.02220932614918,-24.92322301017331
902,-25.200141036335776,-25.084424396795463
903,-24.852820285198142,-24.62927773627261
904,-24.067551790370004,-23.693029514517935
905,-24.4662035779077,-24.16389149186876
906,-15.468898524772282,-15.313880136915236
907,-16.096282268620907,-16.14714830489092
908,-17.58120722743212,-17.838225062890388
909,-17.760639996721476,-17.698882871608202
910,-15.888344688415767,-16.10815101815534
911,-18.046492726662997,-17.962717918152475
912,-14.53463255345569,-14.856872882038452
913,-16.039631238331204,-16.32126598886449
914,-16.054211726638837,-16.357996582727615
915,-16.308829081987046,-16.443747453052985
916,-17.313399690583328,-17.366583143418463
917,-17.33989825133251,-17.50837677300576
918,-16.5551269722249,-16.78295458849338
919,-16.36970329666263,-16.53014372157756
920,-16.248234482920854,-16.389144515845395
921,-16.819259819244134,-16.751887972972874
922,-14.680237800694233,-14.767738304267176
923,-16.304544540806432,-16.436421769181145
924,-15.747560962646158,-15.850726374709593
925,-14.109185817474287,-14.050427450818495
926,-17.03573333753463,-17.212810355575343
927,-16.756118175476026,-16.577214827610057
928,-18.12368251916418,-18.138791582381117
929,-14.890044541828951,-14.87615745606853
930,-16.170869750846155,-16.21757635650461
931,-6.593779569450036,-6.21651077331875
932,-2.8283930476509402,-3.065585377727396
933,-2.383962797191749,-2.5332484518958123
934,-2.41973818714068,-2.871515335735703
935,-0.6508193335983602,-0.6007542541963662
936,1.727805920452753,1.7889390516975845
937,1.406983091082648,1.5950220293601356
938,-5.293827517725269,-5.342681750757486
939,-0.7499952257529979,-0.5640823818117108
940,0.8173641644391756,0.6654550749767018
941,0.8359133833820539,0.7397330872539424
942,0.8291253882517429,0.6942788726315536
943,1.1138434866698397,1.01851896754996
